{"cameraMode":{"drawMode":0,"name":"Shaded","section":"Shading Mode"},"sceneLighting":true,"audioPlay":false,"sceneViewState":{"showFog":true,"showMaterialUpdate":false,"showSkybox":true,"showFlares":true,"showImageEffects":true,"showParticleSystems":true},"in2DMode":false,"pivot":{"x":1.409151315689087,"y":1.6061291694641114,"z":0.0371708869934082},"rotation":{"x":0.019949233159422876,"y":0.962245762348175,"z":0.07345649600028992,"w":-0.2613426744937897},"size":5.072071075439453,"orthographic":false}