{"cameraMode":{"drawMode":0,"name":"Shaded","section":"Shading Mode"},"sceneLighting":true,"audioPlay":false,"sceneViewState":{"showFog":true,"showMaterialUpdate":false,"showSkybox":true,"showFlares":true,"showImageEffects":true,"showParticleSystems":true},"in2DMode":false,"pivot":{"x":490.5497741699219,"y":162.53683471679688,"z":-106.93026733398438},"rotation":{"x":-0.0076459734700620178,"y":-0.20346924662590028,"z":0.0015888282796368003,"w":-0.9790647029876709},"size":475.6646728515625,"orthographic":false}