{"cameraMode":{"drawMode":0,"name":"Shaded","section":"Shading Mode"},"sceneLighting":true,"audioPlay":false,"sceneViewState":{"showFog":true,"showMaterialUpdate":false,"showSkybox":true,"showFlares":true,"showImageEffects":true,"showParticleSystems":true},"in2DMode":false,"pivot":{"x":-65.03144073486328,"y":-18.600170135498048,"z":86.65193939208985},"rotation":{"x":-0.0634714663028717,"y":0.3492204546928406,"z":-0.023716386407613756,"w":-0.9345896244049072},"size":132.71588134765626,"orthographic":false}