{"cameraMode":{"drawMode":0,"name":"Shaded","section":"Shading Mode"},"sceneLighting":true,"audioPlay":false,"sceneViewState":{"showFog":true,"showMaterialUpdate":false,"showSkybox":true,"showFlares":true,"showImageEffects":true,"showParticleSystems":true},"in2DMode":false,"pivot":{"x":173.37799072265626,"y":15.462997436523438,"z":0.0},"rotation":{"x":-0.04529312252998352,"y":-0.006896337494254112,"z":0.00031210322049446404,"w":-0.9989616870880127},"size":269.36627197265627,"orthographic":false}