{"cameraMode":{"drawMode":0,"name":"Shaded","section":"Shading Mode"},"sceneLighting":true,"audioPlay":false,"sceneViewState":{"showFog":true,"showMaterialUpdate":false,"showSkybox":true,"showFlares":true,"showImageEffects":true,"showParticleSystems":true},"in2DMode":false,"pivot":{"x":10.605326652526856,"y":13.743345260620118,"z":-0.7037019729614258},"rotation":{"x":0.1098860576748848,"y":0.19020774960517884,"z":0.021430952474474908,"w":-0.9753469824790955},"size":8.297975540161133,"orthographic":false}